<?xml version="1.0"?>
<timecycle_modifier_data version="1.000000">
    <modifier name="ranch_vx" numMods="27" userFlags="0">
        <light_directional_amb_col_r>0.000 1.000</light_directional_amb_col_r>
        <light_directional_amb_col_g>0.000 1.000</light_directional_amb_col_g>
        <light_directional_amb_col_b>0.000 1.000</light_directional_amb_col_b>
        <light_natural_push>0.620 0.000</light_natural_push>
        <light_artificial_int_down_col_r>0.933 1.000</light_artificial_int_down_col_r>
        <light_artificial_int_down_col_g>0.886 1.000</light_artificial_int_down_col_g>
        <light_artificial_int_down_col_b>0.761 1.000</light_artificial_int_down_col_b>
        <light_artificial_int_down_intensity>0.540 0.000</light_artificial_int_down_intensity>
        <light_artificial_int_up_col_r>0.961 1.000</light_artificial_int_up_col_r>
        <light_artificial_int_up_col_g>1.000 1.000</light_artificial_int_up_col_g>
        <light_artificial_int_up_col_b>0.855 1.000</light_artificial_int_up_col_b>
        <light_artificial_int_up_intensity>1.000 0.000</light_artificial_int_up_intensity>
        <ssao_inten>4.700 0.000</ssao_inten>
        <light_ray_underwater_mult>0.000 0.500</light_ray_underwater_mult>
        <postfx_bright_pass_thresh_width>0.500 0.000</postfx_bright_pass_thresh_width>
        <postfx_bright_pass_thresh>0.500 0.000</postfx_bright_pass_thresh>
        <postfx_intensity_bloom>-0.220 0.000</postfx_intensity_bloom>
        <dir_shadow_num_cascades>3.000 0.000</dir_shadow_num_cascades>
        <reflection_lod_range_start>0.000 0.000</reflection_lod_range_start>
        <reflection_lod_range_end>0.000 0.000</reflection_lod_range_end>
        <reflection_slod_range_start>0.000 0.000</reflection_slod_range_start>
        <reflection_slod_range_end>0.000 0.000</reflection_slod_range_end>
        <reflection_tweak_emissive>5.248 0.000</reflection_tweak_emissive>
        <far_clip>250.000 300.000</far_clip>
        <temperature>25.000 0.000</temperature>
        <natural_ambient_multiplier>0.500 0.000</natural_ambient_multiplier>
        <artificial_int_ambient_multiplier>0.900 0.000</artificial_int_ambient_multiplier>
    </modifier>
</timecycle_modifier_data>
